filename,width,height,class,xmin,ymin,xmax,ymax
Dumpster_100.jpg,502,282,Dumpster,228,42,422,195
Dumpster_101.jpg,240,180,Dumpster,8,47,164,159
Dumpster_102.jpg,2280,2105,Dumpster,107,438,2118,2045
Dumpster_103.jpg,1600,1200,Dumpster,117,160,1580,1142
Dumpster_104.jpg,866,1300,Person,164,644,410,1156
Dumpster_104.jpg,866,1300,Person,417,637,631,1164
Dumpster_105.jpg,1500,886,Person,391,146,711,879
Dumpster_105.jpg,1500,886,Person,821,21,1199,884
Dumpster_106.jpg,1696,1131,Person,323,247,671,989
Dumpster_106.jpg,1696,1131,Person,850,217,1104,1011
Dumpster_106.jpg,1696,1131,Person,1248,272,1344,434
Dumpster_106.jpg,1696,1131,Person,1367,269,1452,512
Dumpster_107.jpg,1024,700,Person,278,134,458,630
Dumpster_107.jpg,1024,700,Person,570,65,773,643
Dumpster_108.jpg,1100,619,Person,560,172,841,619
Dumpster_109.jpg,480,319,Person,44,21,125,282
Dumpster_109.jpg,480,319,Dumpster,133,120,402,280
Dumpster_110.jpg,633,750,Person,138,157,250,466
Dumpster_110.jpg,633,750,Person,282,214,452,634
Dumpster_111.jpg,636,362,Person,120,18,200,322
Dumpster_111.jpg,636,362,Dumpster,170,12,522,339
Dumpster_112.jpg,600,422,Person,72,7,218,416
Dumpster_112.jpg,600,422,Dumpster,149,62,542,360
Dumpster_113.jpg,480,402,Person,292,63,420,382
Dumpster_114.jpg,480,360,Person,165,6,315,232
Dumpster_114.jpg,480,360,Dumpster,1,95,476,358
Dumpster_115.jpg,600,411,Person,30,3,166,399
Dumpster_115.jpg,600,411,Dumpster,151,42,590,394
Dumpster_116.jpg,1200,1200,Person,32,6,224,958
Dumpster_116.jpg,1200,1200,Person,729,479,1110,1196
Dumpster_117.jpg,1080,1301,Person,385,355,702,756
Dumpster_118.jpg,852,480,Person,260,31,587,479
Dumpster_118.jpg,852,480,Person,564,34,821,480
Dumpster_119.jpg,1300,866,Person,385,224,571,779
Dumpster_12.jpg,500,375,Dumpster,92,45,457,364
Dumpster_120.jpg,800,450,Person,255,95,453,430
Dumpster_120.jpg,800,450,Person,575,21,791,446
Dumpster_121.jpg,800,533,Person,181,67,323,399
Dumpster_121.jpg,800,533,Person,344,52,478,401
Dumpster_122.jpg,750,445,Person,123,4,336,407
Dumpster_122.jpg,750,445,Person,312,52,442,444
Dumpster_122.jpg,750,445,Person,416,1,627,439
Dumpster_123.jpg,986,555,Person,218,169,466,503
Dumpster_124.jpg,690,388,Person,376,176,580,347
Dumpster_125.jpg,1920,1080,Person,4,495,771,1080
Dumpster_125.jpg,1920,1080,Person,747,166,1920,733
Dumpster_126.jpg,960,854,Person,2,109,206,746
Dumpster_126.jpg,960,854,Dumpster,126,85,883,778
Dumpster_127.jpg,985,554,Person,553,136,706,546
Dumpster_128.jpg,860,573,Person,57,156,271,573
Dumpster_128.jpg,860,573,Person,257,110,560,573
Dumpster_129.jpg,780,1023,Person,229,202,468,862
Dumpster_129.jpg,780,1023,Person,463,234,728,870
Dumpster_13.jpg,1024,768,Dumpster,60,49,732,629
Dumpster_130.jpg,900,1200,Person,215,494,413,942
Dumpster_130.jpg,900,1200,Person,416,535,586,939
Dumpster_131.jpg,1800,1200,Person,589,346,845,1078
Dumpster_131.jpg,1800,1200,Person,923,209,1306,1090
Dumpster_132.jpg,800,533,Person,94,170,322,533
Dumpster_132.jpg,800,533,Person,252,118,388,279
Dumpster_132.jpg,800,533,Person,392,198,486,273
Dumpster_132.jpg,800,533,Person,487,208,547,276
Dumpster_132.jpg,800,533,Dumpster,55,265,756,532
Dumpster_133.jpg,4694,2730,Person,2679,699,2974,1533
Dumpster_133.jpg,4694,2730,Person,3150,730,3579,1723
Dumpster_134.jpg,250,400,Person,99,123,202,400
Dumpster_135.jpg,780,520,Person,403,50,538,478
Dumpster_136.jpg,926,593,Person,380,112,542,573
Dumpster_137.jpg,542,313,Person,73,161,128,292
Dumpster_137.jpg,542,313,Person,197,138,258,265
Dumpster_137.jpg,542,313,Person,328,136,370,228
Dumpster_137.jpg,542,313,Person,372,120,418,226
Dumpster_137.jpg,542,313,Dumpster,1,135,396,281
Dumpster_138.jpg,600,400,Person,129,27,239,372
Dumpster_139.jpg,1280,720,Person,701,262,809,512
Dumpster_139.jpg,1280,720,Person,639,440,755,611
Dumpster_139.jpg,1280,720,Person,832,430,918,592
Dumpster_14.jpg,800,599,Person,245,114,396,538
Dumpster_14.jpg,800,599,Person,373,176,543,539
Dumpster_140.jpg,3264,2448,Person,1587,771,2359,1526
Dumpster_140.jpg,3264,2448,Dumpster,126,840,1600,2308
Dumpster_141.jpg,500,400,Person,174,151,263,374
Dumpster_141.jpg,500,400,Person,252,132,344,380
Dumpster_142.jpg,1440,390,Person,843,65,983,235
Dumpster_142.jpg,1440,390,Person,972,104,1142,242
Dumpster_142.jpg,1440,390,Dumpster,506,140,1439,390
Dumpster_143.jpg,301,188,Person,81,17,197,183
Dumpster_144.jpg,250,200,Person,10,13,67,160
Dumpster_144.jpg,250,200,Dumpster,48,33,248,159
Dumpster_145.jpg,250,200,Dumpster,24,36,191,178
Dumpster_145.jpg,250,200,Person,161,3,223,157
Dumpster_146.jpg,700,300,Person,54,15,376,300
Dumpster_146.jpg,700,300,Dumpster,1,80,700,300
Dumpster_147.jpg,480,360,Person,161,69,234,273
Dumpster_147.jpg,480,360,Person,169,3,220,69
Dumpster_148.jpg,480,360,Person,54,52,149,308
Dumpster_148.jpg,480,360,Dumpster,47,58,430,314
Dumpster_149.jpg,860,484,Person,421,13,603,484
Dumpster_149.jpg,860,484,Dumpster,31,210,325,462
Dumpster_149.jpg,860,484,Dumpster,283,194,500,428
Dumpster_149.jpg,860,484,Dumpster,465,215,622,412
Dumpster_15.jpg,1024,768,Dumpster,221,171,900,657
Dumpster_15.jpg,1024,768,Dumpster,96,142,407,353
Dumpster_150.jpg,620,348,Person,200,87,385,347
Dumpster_150.jpg,620,348,Person,332,34,539,263
Dumpster_151.jpg,299,168,Person,1,1,152,130
Dumpster_151.jpg,299,168,Dumpster,37,1,299,167
Dumpster_152.jpg,275,183,Person,93,7,185,183
Dumpster_153.jpg,256,197,Person,22,80,57,158
Dumpster_153.jpg,256,197,Person,106,62,140,160
Dumpster_153.jpg,256,197,Person,162,67,203,159
Dumpster_153.jpg,256,197,Person,219,73,253,157
Dumpster_154.jpg,275,183,Person,68,62,101,156
Dumpster_154.jpg,275,183,Person,120,62,158,159
Dumpster_155.jpg,310,163,Person,212,34,256,153
Dumpster_156.jpg,301,168,Person,45,66,79,140
Dumpster_157.jpg,300,168,Person,190,56,250,168
Dumpster_158.jpg,273,184,Person,201,36,243,109
Dumpster_159.jpg,259,194,Person,58,10,130,175
Dumpster_16.jpg,1024,768,Dumpster,261,166,904,702
Dumpster_160.jpg,259,195,Person,134,29,185,172
Dumpster_161.jpg,275,183,Person,47,67,97,168
Dumpster_161.jpg,275,183,Person,118,70,160,171
Dumpster_162.jpg,185,273,Person,18,11,91,266
Dumpster_162.jpg,185,273,Person,101,26,169,260
Dumpster_163.jpg,262,192,Person,35,3,108,191
Dumpster_163.jpg,262,192,Dumpster,74,54,250,182
Dumpster_164.jpg,683,1024,Person,126,168,376,871
Dumpster_164.jpg,683,1024,Person,384,276,560,868
Dumpster_165.jpg,1280,720,Person,808,82,1036,720
Dumpster_165.jpg,1280,720,Dumpster,288,201,937,689
Dumpster_166.jpg,1280,720,Person,820,63,1105,720
Dumpster_166.jpg,1280,720,Dumpster,28,155,970,720
Dumpster_167.jpg,1280,720,Person,494,390,588,536
Dumpster_168.jpg,1024,576,Person,521,124,651,417
Dumpster_169.jpg,1280,720,Person,832,65,1095,718
Dumpster_169.jpg,1280,720,Dumpster,26,142,962,720
Dumpster_17.jpg,1024,768,Dumpster,130,64,941,656
Dumpster_17.jpg,1024,768,Dumpster,715,61,1024,576
Dumpster_170.jpg,628,471,Person,132,94,327,471
Dumpster_170.jpg,628,471,Person,326,74,476,447
Dumpster_171.jpg,590,393,Person,64,43,184,350
Dumpster_171.jpg,590,393,Person,172,57,310,355
Dumpster_172.jpg,1000,667,Person,511,103,705,581
Dumpster_172.jpg,1000,667,Person,693,85,877,567
Dumpster_173.jpg,732,549,Person,139,147,251,483
Dumpster_173.jpg,732,549,Person,307,179,411,489
Dumpster_173.jpg,732,549,Person,486,180,612,469
Dumpster_173.jpg,732,549,Person,227,171,277,317
Dumpster_173.jpg,732,549,Person,383,170,435,306
Dumpster_174.jpg,1000,667,Person,449,149,611,557
Dumpster_175.jpg,426,650,Person,183,421,246,574
Dumpster_176.jpg,590,300,Person,201,54,291,278
Dumpster_177.jpg,810,450,Person,404,1,745,398
Dumpster_178.jpg,450,319,Person,152,37,221,286
Dumpster_178.jpg,450,319,Person,214,9,308,282
Dumpster_179.jpg,1073,1487,Person,142,338,609,1324
Dumpster_179.jpg,1073,1487,Dumpster,91,40,1071,1297
Dumpster_18.jpg,1024,768,Dumpster,162,96,926,705
Dumpster_19.jpg,1024,683,Dumpster,434,207,891,667
Dumpster_190.jpg,1280,720,Person,500,404,677,648
Dumpster_190.jpg,1280,720,Person,369,332,494,575
Dumpster_191.jpg,534,401,Person,78,113,209,398
Dumpster_192.jpg,300,168,Person,57,22,105,121
Dumpster_193.jpg,634,392,Person,93,128,260,392
Dumpster_193.jpg,634,392,Person,464,24,582,298
Dumpster_194.jpg,620,394,Person,125,131,213,394
Dumpster_194.jpg,620,394,Person,289,116,404,394
Dumpster_195.jpg,1600,898,Person,548,58,784,603
Dumpster_195.jpg,1600,898,Person,822,242,1013,860
Dumpster_195.jpg,1600,898,Person,254,184,593,702
Dumpster_195.jpg,1600,898,Person,286,491,720,898
Dumpster_196.jpg,1280,720,Person,621,17,808,482
Dumpster_197.jpg,1920,1080,Person,1054,161,1483,850
Dumpster_198.jpg,992,558,Person,246,195,458,539
Dumpster_199.jpg,1300,833,Person,57,82,222,719
Dumpster_199.jpg,1300,833,Person,275,64,470,722
Dumpster_199.jpg,1300,833,Person,514,45,765,710
Dumpster_199.jpg,1300,833,Person,761,43,1025,717
Dumpster_199.jpg,1300,833,Person,1008,61,1294,717
Dumpster_20.jpg,1024,768,Dumpster,38,76,1007,758
Dumpster_200.jpg,450,341,Person,40,45,122,278
Dumpster_200.jpg,450,341,Person,140,46,204,273
Dumpster_200.jpg,450,341,Person,230,51,322,268
Dumpster_200.jpg,450,341,Person,327,60,413,275
Dumpster_201.jpg,800,600,Dumpster,112,28,655,387
Dumpster_202.jpg,862,1023,Dumpster,89,265,780,792
Dumpster_203.jpg,650,400,Dumpster,53,161,286,322
Dumpster_203.jpg,650,400,Dumpster,354,170,600,340
Dumpster_204.jpg,979,1300,Person,48,107,509,1260
Dumpster_205.jpg,853,1300,Person,42,70,644,1251
Dumpster_206.jpg,404,600,Person,57,40,348,570
Dumpster_207.jpg,958,1620,Person,129,87,667,1486
Dumpster_208.jpg,1300,721,Person,19,168,332,600
Dumpster_208.jpg,1300,721,Person,323,119,501,451
Dumpster_208.jpg,1300,721,Person,524,32,744,411
Dumpster_208.jpg,1300,721,Person,792,75,994,462
Dumpster_208.jpg,1300,721,Person,1069,134,1244,621
Dumpster_209.jpg,300,180,Person,30,14,66,68
Dumpster_209.jpg,300,180,Person,117,89,177,138
Dumpster_209.jpg,300,180,Person,200,48,290,156
Dumpster_21.jpg,500,375,Dumpster,37,110,470,327
Dumpster_210.jpg,1300,866,Person,593,104,814,652
Dumpster_210.jpg,1300,866,Person,801,172,1010,719
Dumpster_211.jpg,500,334,Person,1,123,109,277
Dumpster_211.jpg,500,334,Person,91,54,254,288
Dumpster_211.jpg,500,334,Person,267,46,400,187
Dumpster_212.jpg,748,420,Person,289,86,482,234
Dumpster_213.jpg,1100,733,Person,257,141,977,518
Dumpster_214.jpg,1080,1080,Person,291,35,792,1055
Dumpster_215.jpg,650,542,Person,25,19,158,416
Dumpster_215.jpg,650,542,Person,192,64,323,449
Dumpster_215.jpg,650,542,Person,412,90,577,532
Dumpster_216.jpg,1300,928,Person,284,116,940,697
Dumpster_217.jpg,1300,866,Person,257,165,442,640
Dumpster_217.jpg,1300,866,Person,437,153,649,609
Dumpster_217.jpg,1300,866,Person,791,212,957,617
Dumpster_218.jpg,866,1300,Person,197,319,590,1219
Dumpster_219.jpg,866,1300,Person,74,386,755,1143
Dumpster_22.jpg,1024,747,Dumpster,379,292,965,728
Dumpster_220.jpg,1276,1300,Person,73,303,618,1251
Dumpster_220.jpg,1276,1300,Person,438,26,1218,1087
Dumpster_221.jpg,1300,906,Person,650,165,968,695
Dumpster_222.jpg,1300,953,Dumpster,202,221,976,847
Dumpster_223.jpg,1300,950,Dumpster,1,496,1272,862
Dumpster_224.jpg,1280,851,Person,2,163,917,851
Dumpster_225.jpg,1071,807,Person,146,60,446,788
Dumpster_225.jpg,1071,807,Person,402,58,735,756
Dumpster_225.jpg,1071,807,Person,657,72,1068,760
Dumpster_226.jpg,1300,951,Person,455,226,681,515
Dumpster_226.jpg,1300,951,Person,526,124,812,374
Dumpster_227.jpg,1200,630,Person,1,144,338,630
Dumpster_227.jpg,1200,630,Person,339,180,625,630
Dumpster_227.jpg,1200,630,Person,526,113,697,447
Dumpster_227.jpg,1200,630,Person,662,203,809,579
Dumpster_227.jpg,1200,630,Person,772,185,993,529
Dumpster_227.jpg,1200,630,Person,943,2,1189,507
Dumpster_228.jpg,450,318,Person,123,51,178,217
Dumpster_228.jpg,450,318,Person,149,64,224,243
Dumpster_229.jpg,1600,1067,Person,648,281,1008,1065
Dumpster_23.jpg,400,316,Dumpster,43,54,321,275
Dumpster_230.jpg,1000,1250,Person,234,368,704,789
Dumpster_231.jpg,1200,800,Person,203,281,359,697
Dumpster_231.jpg,1200,800,Person,294,165,498,630
Dumpster_232.jpg,1200,800,Person,427,287,587,765
Dumpster_232.jpg,1200,800,Person,535,211,733,702
Dumpster_233.jpg,849,1200,Person,98,14,252,455
Dumpster_233.jpg,849,1200,Person,203,500,468,1200
Dumpster_233.jpg,849,1200,Person,621,121,834,530
Dumpster_234.jpg,1023,869,Person,488,144,578,358
Dumpster_234.jpg,1023,869,Person,603,170,715,392
Dumpster_235.jpg,275,183,Dumpster,53,44,253,183
Dumpster_235.jpg,275,183,Dumpster,1,108,57,183
Dumpster_236.jpg,227,222,Dumpster,23,75,207,205
Dumpster_237.jpg,259,194,Dumpster,1,69,141,183
Dumpster_237.jpg,259,194,Dumpster,135,67,253,144
Dumpster_238.jpg,300,225,Dumpster,54,29,204,170
Dumpster_239.jpg,1200,628,Dumpster,723,130,1116,571
Dumpster_24.jpg,425,425,Dumpster,15,6,373,413
Dumpster_240.jpg,1200,600,Dumpster,286,306,589,497
Dumpster_240.jpg,1200,600,Dumpster,593,231,889,488
Dumpster_241.jpg,1008,632,Dumpster,77,365,320,576
Dumpster_241.jpg,1008,632,Dumpster,349,420,586,576
Dumpster_241.jpg,1008,632,Dumpster,654,367,921,589
Dumpster_242.jpg,800,478,Dumpster,203,18,542,283
Dumpster_243.jpg,298,430,Person,77,111,210,417
Dumpster_244.jpg,329,385,Person,88,114,141,258
Dumpster_245.jpg,1024,683,Person,233,347,314,508
Dumpster_245.jpg,1024,683,Person,285,323,364,485
Dumpster_246.jpg,1300,957,Person,69,316,181,547
Dumpster_246.jpg,1300,957,Person,177,323,246,541
Dumpster_246.jpg,1300,957,Person,298,341,394,592
Dumpster_246.jpg,1300,957,Person,440,287,551,542
Dumpster_246.jpg,1300,957,Person,622,326,717,578
Dumpster_246.jpg,1300,957,Person,696,302,791,572
Dumpster_246.jpg,1300,957,Person,820,371,894,515
Dumpster_246.jpg,1300,957,Person,1133,291,1209,540
Dumpster_247.jpg,640,640,Person,118,119,253,372
Dumpster_247.jpg,640,640,Person,282,66,499,291
Dumpster_248.jpg,3024,4032,Dumpster,563,1815,2420,3566
Dumpster_249.jpg,299,470,Person,48,199,148,327
Dumpster_249.jpg,299,470,Person,172,33,221,176
Dumpster_25.jpg,425,425,Dumpster,16,6,392,419
Dumpster_250.jpg,750,422,Person,395,43,499,254
Dumpster_251.jpg,275,183,Person,96,8,152,132
Dumpster_252.jpg,275,183,Person,48,39,164,173
Dumpster_253.jpg,282,179,Person,46,7,131,171
Dumpster_254.jpg,275,183,Person,100,14,226,154
Dumpster_255.jpg,273,185,Person,37,1,109,166
Dumpster_255.jpg,273,185,Person,106,3,166,177
Dumpster_255.jpg,273,185,Person,161,20,246,170
Dumpster_256.jpg,262,192,Dumpster,56,67,242,166
Dumpster_257.jpg,275,183,Person,1,45,80,183
Dumpster_257.jpg,275,183,Person,79,30,138,182
Dumpster_257.jpg,275,183,Person,153,52,218,183
Dumpster_258.jpg,269,187,Person,71,7,249,155
Dumpster_259.jpg,1100,736,Person,314,154,640,585
Dumpster_26.jpg,466,466,Dumpster,11,12,428,453
Dumpster_260.jpg,2448,3264,Dumpster,257,1118,1654,2159
Dumpster_261.jpg,1080,874,Person,168,410,597,858
Dumpster_261.jpg,1080,874,Person,580,386,980,874
Dumpster_262.jpg,1000,750,Person,140,236,269,514
Dumpster_262.jpg,1000,750,Person,419,245,537,506
Dumpster_262.jpg,1000,750,Person,708,284,880,654
Dumpster_262.jpg,1000,750,Person,498,374,717,557
Dumpster_263.jpg,408,612,Person,33,417,129,576
Dumpster_263.jpg,408,612,Person,235,278,297,416
Dumpster_263.jpg,408,612,Person,298,258,362,400
Dumpster_263.jpg,408,612,Person,347,152,384,280
Dumpster_263.jpg,408,612,Person,150,19,194,135
Dumpster_264.jpg,500,400,Person,217,50,365,283
Dumpster_265.jpg,731,445,Person,52,68,201,387
Dumpster_265.jpg,731,445,Person,193,43,393,423
Dumpster_265.jpg,731,445,Person,395,40,530,384
Dumpster_265.jpg,731,445,Person,516,68,678,377
Dumpster_266.jpg,1171,1689,Person,194,249,981,1242
Dumpster_267.jpg,800,602,Person,82,175,212,527
Dumpster_268.jpg,626,939,Person,143,378,276,597
Dumpster_268.jpg,626,939,Person,300,343,465,637
Dumpster_269.jpg,800,784,Dumpster,110,215,646,644
Dumpster_27.jpg,534,401,Dumpster,17,44,352,386
Dumpster_270.jpg,1280,720,Dumpster,1,1,424,707
Dumpster_271.jpg,690,518,Person,271,32,560,511
Dumpster_272.jpg,1300,956,Dumpster,26,133,581,512
Dumpster_273.jpg,1000,1333,Person,190,127,885,853
Dumpster_274.jpg,1600,1430,Person,710,196,1073,1409
Dumpster_275.jpg,1300,1390,Person,298,28,1069,1234
Dumpster_276.jpg,1000,750,Dumpster,77,179,658,745
Dumpster_277.jpg,4032,3024,Dumpster,204,964,2677,2362
Dumpster_278.jpg,1200,817,Dumpster,408,300,879,598
Dumpster_279.jpg,640,360,Person,71,50,266,293
Dumpster_279.jpg,640,360,Person,292,26,565,357
Dumpster_28.jpg,1024,768,Dumpster,149,103,898,653
Dumpster_280.jpg,1227,728,Person,246,191,384,633
Dumpster_280.jpg,1227,728,Person,731,308,862,636
Dumpster_280.jpg,1227,728,Person,836,217,962,640
Dumpster_281.jpg,1600,1200,Dumpster,831,481,1414,882
Dumpster_281.jpg,1600,1200,Dumpster,66,424,659,818
Dumpster_282.jpg,599,417,Person,155,9,344,389
Dumpster_283.jpg,540,432,Person,197,92,328,248
Dumpster_283.jpg,540,432,Person,243,117,391,351
Dumpster_284.jpg,800,500,Person,251,57,589,444
Dumpster_285.jpg,320,213,Person,27,6,118,159
Dumpster_285.jpg,320,213,Person,132,15,180,148
Dumpster_285.jpg,320,213,Person,198,13,290,190
Dumpster_286.jpg,640,417,Person,173,1,479,414
Dumpster_286.jpg,640,417,Person,68,322,330,416
Dumpster_287.jpg,640,427,Person,31,152,185,412
Dumpster_287.jpg,640,427,Person,159,117,337,426
Dumpster_29.jpg,1024,768,Dumpster,98,75,858,689
Dumpster_30.jpg,1024,768,Dumpster,50,20,1018,721
Dumpster_31.jpg,1024,683,Dumpster,157,186,618,551
Dumpster_31.jpg,1024,683,Dumpster,601,180,756,439
Dumpster_32.jpg,500,365,Dumpster,39,53,423,335
Dumpster_32.jpg,500,365,Person,366,17,459,357
Dumpster_33.jpg,1552,873,Dumpster,167,203,1290,873
Dumpster_34.jpg,600,469,Person,64,89,172,469
Dumpster_34.jpg,600,469,Dumpster,174,6,577,461
Dumpster_34.jpg,600,469,Dumpster,1,98,101,291
Dumpster_35.jpg,1500,1000,Dumpster,47,260,1263,942
Dumpster_36.jpg,504,306,Dumpster,107,29,371,289
Dumpster_37.jpg,1632,1224,Dumpster,170,57,1301,1062
Dumpster_38.jpg,863,1390,Dumpster,238,225,863,978
Dumpster_39.jpg,960,750,Dumpster,172,293,941,628
Dumpster_40.jpg,550,825,Person,207,93,415,676
Dumpster_41.jpg,320,240,Dumpster,73,18,298,217
Dumpster_42.jpg,1200,675,Dumpster,73,5,952,642
Dumpster_43.jpg,1200,900,Dumpster,97,43,1127,790
Dumpster_44.jpg,2592,1944,Dumpster,395,31,2422,1828
Dumpster_45.jpg,2592,1944,Dumpster,480,323,2240,1699
Dumpster_45.jpg,2592,1944,Dumpster,1,234,618,1146
Dumpster_45.jpg,2592,1944,Dumpster,2042,336,2592,1433
Dumpster_46.jpg,450,338,Dumpster,55,33,325,314
Dumpster_46.jpg,450,338,Dumpster,298,40,425,308
Dumpster_47.jpg,534,401,Dumpster,92,40,386,394
Dumpster_48.jpg,700,525,Dumpster,116,24,632,501
Dumpster_49.jpg,1200,1200,Dumpster,145,25,1067,1188
Dumpster_50.jpg,640,424,Dumpster,81,1,465,420
Dumpster_50.jpg,640,424,Dumpster,461,58,571,225
Dumpster_50.jpg,640,424,Dumpster,567,84,601,159
Dumpster_51.jpg,1254,836,Dumpster,324,112,1246,799
Dumpster_52.jpg,800,533,Dumpster,70,182,395,413
Dumpster_52.jpg,800,533,Dumpster,389,199,702,428
Dumpster_53.jpg,1300,957,Dumpster,105,288,644,689
Dumpster_53.jpg,1300,957,Dumpster,632,324,1162,726
Dumpster_54.jpg,1042,1006,Dumpster,30,181,1021,927
Dumpster_55.jpg,300,225,Dumpster,42,34,250,187
Dumpster_56.jpg,960,500,Person,401,71,597,466
Dumpster_56.jpg,960,500,Person,588,45,759,469
Dumpster_56.jpg,960,500,Person,716,79,883,478
Dumpster_57.jpg,600,600,Dumpster,28,116,585,519
Dumpster_58.jpg,860,559,Dumpster,1,94,835,546
Dumpster_59.jpg,800,800,Dumpster,20,121,788,721
Dumpster_60.jpg,3072,2048,Dumpster,33,291,1477,1850
Dumpster_60.jpg,3072,2048,Dumpster,1506,540,2940,1750
Dumpster_61.jpg,680,567,Dumpster,55,71,662,556
Dumpster_62.jpg,924,530,Dumpster,124,168,593,468
Dumpster_63.jpg,810,454,Dumpster,124,21,540,354
Dumpster_64.jpg,1300,1007,Dumpster,145,93,1131,827
Dumpster_65.jpg,1440,390,Dumpster,731,55,1286,378
Dumpster_66.jpg,239,211,Dumpster,17,1,231,206
Dumpster_67.jpg,225,225,Dumpster,3,18,219,203
Dumpster_68.jpg,259,194,Dumpster,47,35,209,162
Dumpster_69.jpg,194,260,Dumpster,21,48,172,189
Dumpster_70.jpg,259,194,Dumpster,25,8,219,185
Dumpster_71.jpg,259,194,Dumpster,44,31,219,169
Dumpster_71.jpg,259,194,Dumpster,1,23,61,107
Dumpster_71.jpg,259,194,Dumpster,204,30,259,147
Dumpster_72.jpg,259,194,Dumpster,62,19,203,151
Dumpster_73.jpg,284,177,Dumpster,99,21,271,160
Dumpster_74.jpg,259,194,Dumpster,20,61,145,190
Dumpster_75.jpg,261,193,Dumpster,77,87,178,165
Dumpster_76.jpg,286,176,Dumpster,18,69,129,147
Dumpster_76.jpg,286,176,Dumpster,155,73,270,159
Dumpster_77.jpg,275,183,Dumpster,145,72,262,164
Dumpster_78.jpg,247,204,Dumpster,15,54,184,184
Dumpster_78.jpg,247,204,Person,151,7,244,202
Dumpster_79.jpg,267,188,Person,14,4,85,185
Dumpster_79.jpg,267,188,Dumpster,68,48,266,186
Dumpster_80.jpg,259,194,Dumpster,88,74,205,171
Dumpster_81.jpg,259,194,Dumpster,8,64,186,172
Dumpster_82.jpg,225,225,Dumpster,26,47,208,185
Dumpster_83.jpg,275,183,Dumpster,1,16,233,181
Dumpster_84.jpg,1024,763,Dumpster,52,41,1002,740
Dumpster_85.jpg,612,409,Dumpster,157,75,452,332
Dumpster_86.jpg,960,540,Dumpster,222,53,691,467
Dumpster_87.jpg,1280,720,Dumpster,161,106,1060,636
Dumpster_88.jpg,400,250,Dumpster,157,17,332,220
Dumpster_89.jpg,1800,1350,Dumpster,46,570,800,1231
Dumpster_89.jpg,1800,1350,Dumpster,950,250,1794,1229
Dumpster_90.jpg,1300,1389,Dumpster,98,33,1257,1222
Dumpster_91.jpg,800,600,Dumpster,85,39,728,593
Dumpster_92.jpg,1024,768,Dumpster,142,69,816,675
Dumpster_93.jpg,620,826,Dumpster,42,269,620,818
Dumpster_94.jpg,1300,1000,Dumpster,264,203,1073,791
Dumpster_95.jpg,847,1390,Dumpster,28,245,847,1040
Dumpster_97.jpg,300,300,Dumpster,26,64,262,248
Dumpster_98.jpg,450,450,Dumpster,9,106,404,450
Dumpster_99.jpg,866,1390,Dumpster,127,147,715,1271
IMG_3132_Moment(10).jpg,300,300,Dumpster,28,33,265,230
IMG_3132_Moment(11).jpg,300,300,Dumpster,32,29,268,228
IMG_3132_Moment(12).jpg,300,300,Dumpster,20,21,262,223
IMG_3132_Moment(13).jpg,300,300,Dumpster,29,25,275,232
IMG_3132_Moment(14).jpg,300,300,Dumpster,35,30,280,241
IMG_3132_Moment(15).jpg,300,300,Dumpster,29,20,280,242
IMG_3132_Moment(16).jpg,300,300,Dumpster,22,17,279,243
IMG_3132_Moment(17).jpg,300,300,Dumpster,13,7,276,244
IMG_3132_Moment(18).jpg,300,300,Dumpster,8,23,269,249
IMG_3132_Moment(19).jpg,300,300,Dumpster,3,20,273,258
IMG_3132_Moment(2).jpg,300,300,Dumpster,15,22,251,221
IMG_3132_Moment(20).jpg,300,300,Dumpster,2,24,281,288
IMG_3132_Moment(21).jpg,300,300,Dumpster,13,18,300,293
IMG_3132_Moment(22).jpg,300,300,Dumpster,1,28,299,300
IMG_3132_Moment(23).jpg,300,300,Dumpster,2,28,300,299
IMG_3132_Moment(24).jpg,300,300,Dumpster,1,37,299,300
IMG_3132_Moment(25).jpg,300,300,Dumpster,13,34,299,300
IMG_3132_Moment(25).jpg,300,300,Person,27,77,72,130
IMG_3132_Moment(26).jpg,300,300,Dumpster,1,34,298,300
IMG_3132_Moment(27).jpg,300,300,Dumpster,1,18,299,300
IMG_3132_Moment(28).jpg,300,300,Dumpster,9,5,298,300
IMG_3132_Moment(28).jpg,300,300,Person,1,39,32,106
IMG_3132_Moment(29).jpg,300,300,Dumpster,28,1,280,280
IMG_3132_Moment(29).jpg,300,300,Person,99,1,144,39
IMG_3132_Moment(3).jpg,300,300,Dumpster,24,23,261,229
IMG_3132_Moment(30).jpg,300,300,Dumpster,32,1,300,299
IMG_3132_Moment(30).jpg,300,300,Person,115,29,161,84
IMG_3132_Moment(31).jpg,300,300,Dumpster,34,25,287,247
IMG_3132_Moment(32).jpg,300,300,Dumpster,36,30,291,254
IMG_3132_Moment(33).jpg,300,300,Dumpster,40,29,290,253
IMG_3132_Moment(34).jpg,300,300,Dumpster,51,25,300,244
IMG_3132_Moment(35).jpg,300,300,Dumpster,36,30,285,251
IMG_3132_Moment(36).jpg,300,300,Dumpster,45,23,292,246
IMG_3132_Moment(37).jpg,300,300,Dumpster,36,22,280,246
IMG_3132_Moment(38).jpg,300,300,Dumpster,28,25,273,248
IMG_3132_Moment(39).jpg,300,300,Dumpster,33,22,279,242
IMG_3132_Moment(4).jpg,300,300,Dumpster,18,25,255,232
IMG_3132_Moment(40).jpg,300,300,Dumpster,31,20,278,249
IMG_3132_Moment(41).jpg,300,300,Dumpster,30,20,272,242
IMG_3132_Moment(42).jpg,300,300,Dumpster,25,19,274,242
IMG_3132_Moment(43).jpg,300,300,Dumpster,14,22,266,243
IMG_3132_Moment(44).jpg,300,300,Dumpster,32,23,273,233
IMG_3132_Moment(45).jpg,300,300,Dumpster,25,17,270,236
IMG_3132_Moment(46).jpg,300,300,Dumpster,30,17,278,239
IMG_3132_Moment(47).jpg,300,300,Dumpster,56,16,300,236
IMG_3132_Moment(48).jpg,300,300,Dumpster,34,16,278,236
IMG_3132_Moment(49).jpg,300,300,Dumpster,44,27,288,243
IMG_3132_Moment(5).jpg,300,300,Dumpster,30,23,258,224
IMG_3132_Moment(50).jpg,300,300,Dumpster,30,32,274,246
IMG_3132_Moment(51).jpg,300,300,Dumpster,19,25,266,245
IMG_3132_Moment(52).jpg,300,300,Dumpster,36,35,286,249
IMG_3132_Moment(53).jpg,300,300,Dumpster,36,32,281,249
IMG_3132_Moment(54).jpg,300,300,Dumpster,36,25,280,242
IMG_3132_Moment(55).jpg,300,300,Dumpster,38,26,286,238
IMG_3132_Moment(56).jpg,300,300,Dumpster,35,20,288,245
IMG_3132_Moment(57).jpg,300,300,Dumpster,32,4,279,225
IMG_3132_Moment(58).jpg,300,300,Dumpster,47,17,296,244
IMG_3132_Moment(59).jpg,300,300,Dumpster,40,15,291,248
IMG_3132_Moment(6).jpg,300,300,Dumpster,28,21,259,224
IMG_3132_Moment(60).jpg,300,300,Dumpster,45,18,294,249
IMG_3132_Moment(61).jpg,300,300,Dumpster,49,18,300,253
IMG_3132_Moment(61).jpg,300,300,Person,226,19,257,63
IMG_3132_Moment(61).jpg,300,300,Person,260,19,297,83
IMG_3132_Moment(62).jpg,300,300,Dumpster,47,13,299,256
IMG_3132_Moment(62).jpg,300,300,Person,238,16,270,72
IMG_3132_Moment(62).jpg,300,300,Person,273,23,300,80
IMG_3132_Moment(63).jpg,300,300,Dumpster,29,14,279,253
IMG_3132_Moment(63).jpg,300,300,Person,231,15,263,76
IMG_3132_Moment(63).jpg,300,300,Person,265,22,299,82
IMG_3132_Moment(64).jpg,300,300,Dumpster,36,26,286,265
IMG_3132_Moment(64).jpg,300,300,Person,245,27,280,90
IMG_3132_Moment(65).jpg,300,300,Dumpster,45,30,289,272
IMG_3132_Moment(65).jpg,300,300,Person,266,31,296,86
IMG_3132_Moment(66).jpg,300,300,Dumpster,51,29,290,269
IMG_3132_Moment(67).jpg,300,300,Dumpster,60,36,293,278
IMG_3132_Moment(68).jpg,300,300,Dumpster,56,31,287,277
IMG_3132_Moment(69).jpg,300,300,Dumpster,64,23,285,261
IMG_3132_Moment(7).jpg,300,300,Dumpster,30,29,263,237
IMG_3132_Moment(70).jpg,300,300,Dumpster,60,26,273,271
IMG_3132_Moment(71).jpg,300,300,Dumpster,71,21,280,264
IMG_3132_Moment(72).jpg,300,300,Dumpster,80,26,277,269
IMG_3132_Moment(73).jpg,300,300,Dumpster,72,24,271,269
IMG_3132_Moment(74).jpg,300,300,Dumpster,66,9,265,256
IMG_3132_Moment(8).jpg,300,300,Dumpster,42,30,268,233
IMG_3132_Moment(9).jpg,300,300,Dumpster,40,29,270,233
IMG_9499_Moment(10).jpg,300,300,Dumpster,1,66,153,149
IMG_9499_Moment(10).jpg,300,300,Dumpster,168,66,300,147
IMG_9499_Moment(11).jpg,300,300,Dumpster,1,69,140,151
IMG_9499_Moment(11).jpg,300,300,Dumpster,158,71,300,150
IMG_9499_Moment(12).jpg,300,300,Dumpster,1,69,133,161
IMG_9499_Moment(12).jpg,300,300,Dumpster,149,71,297,152
IMG_9499_Moment(13).jpg,300,300,Dumpster,1,70,101,159
IMG_9499_Moment(13).jpg,300,300,Dumpster,117,70,268,155
IMG_9499_Moment(14).jpg,300,300,Dumpster,1,67,148,155
IMG_9499_Moment(14).jpg,300,300,Dumpster,163,66,300,150
IMG_9499_Moment(15).jpg,300,300,Dumpster,1,67,117,146
IMG_9499_Moment(15).jpg,300,300,Dumpster,136,66,294,150
IMG_9499_Moment(16).jpg,300,300,Dumpster,2,72,128,159
IMG_9499_Moment(16).jpg,300,300,Dumpster,134,69,300,159
IMG_9499_Moment(17).jpg,300,300,Dumpster,1,75,120,160
IMG_9499_Moment(17).jpg,300,300,Dumpster,122,64,300,162
IMG_9499_Moment(18).jpg,300,300,Dumpster,1,82,107,165
IMG_9499_Moment(18).jpg,300,300,Dumpster,111,67,297,166
IMG_9499_Moment(19).jpg,300,300,Dumpster,1,80,99,166
IMG_9499_Moment(19).jpg,300,300,Dumpster,95,67,282,168
IMG_9499_Moment.jpg,300,300,Dumpster,60,83,187,166
IMG_9499_Moment.jpg,300,300,Dumpster,177,88,300,155
IMG_9500_Moment(10).jpg,300,300,Dumpster,104,111,293,191
IMG_9500_Moment(11).jpg,300,300,Dumpster,100,104,286,187
IMG_9500_Moment(12).jpg,300,300,Dumpster,112,104,298,189
IMG_9500_Moment(13).jpg,300,300,Dumpster,112,106,295,186
IMG_9500_Moment(14).jpg,300,300,Dumpster,110,106,292,189
IMG_9500_Moment(15).jpg,300,300,Dumpster,112,110,288,192
IMG_9500_Moment(16).jpg,300,300,Dumpster,112,111,291,199
IMG_9500_Moment(17).jpg,300,300,Dumpster,100,107,275,193
IMG_9500_Moment(18).jpg,300,300,Dumpster,94,107,270,193
IMG_9500_Moment(19).jpg,300,300,Dumpster,104,106,271,197
IMG_9500_Moment(2).jpg,300,300,Dumpster,118,110,286,184
IMG_9500_Moment(20).jpg,300,300,Dumpster,97,106,271,196
IMG_9500_Moment(21).jpg,300,300,Dumpster,104,105,270,196
IMG_9500_Moment(22).jpg,300,300,Dumpster,98,107,267,196
IMG_9500_Moment(23).jpg,300,300,Dumpster,94,109,264,206
IMG_9500_Moment(24).jpg,300,300,Dumpster,105,99,277,195
IMG_9500_Moment(25).jpg,300,300,Dumpster,83,92,265,193
IMG_9500_Moment(26).jpg,300,300,Dumpster,86,93,264,196
IMG_9500_Moment(27).jpg,300,300,Dumpster,93,92,278,192
IMG_9500_Moment(28).jpg,300,300,Dumpster,71,94,265,200
IMG_9500_Moment(29).jpg,300,300,Dumpster,59,91,266,196
IMG_9500_Moment(3).jpg,300,300,Dumpster,128,103,295,179
IMG_9500_Moment(30).jpg,300,300,Dumpster,45,82,259,187
IMG_9500_Moment(31).jpg,300,300,Dumpster,23,78,246,186
IMG_9500_Moment(32).jpg,300,300,Dumpster,15,75,249,179
IMG_9500_Moment(33).jpg,300,300,Dumpster,40,73,274,171
IMG_9500_Moment(34).jpg,300,300,Dumpster,32,74,268,175
IMG_9500_Moment(35).jpg,300,300,Dumpster,5,79,256,184
IMG_9500_Moment(36).jpg,300,300,Dumpster,9,73,265,179
IMG_9500_Moment(37).jpg,300,300,Dumpster,16,76,271,188
IMG_9500_Moment(38).jpg,300,300,Dumpster,16,81,282,187
IMG_9500_Moment(39).jpg,300,300,Dumpster,20,76,297,195
IMG_9500_Moment(4).jpg,300,300,Dumpster,117,115,293,189
IMG_9500_Moment(40).jpg,300,300,Dumpster,16,72,294,187
IMG_9500_Moment(41).jpg,300,300,Dumpster,13,72,291,184
IMG_9500_Moment(42).jpg,300,300,Dumpster,18,70,300,192
IMG_9500_Moment(43).jpg,300,300,Dumpster,50,76,300,194
IMG_9500_Moment(44).jpg,300,300,Dumpster,17,64,300,187
IMG_9500_Moment(45).jpg,300,300,Dumpster,7,62,293,185
IMG_9500_Moment(46).jpg,300,300,Dumpster,8,57,299,192
IMG_9500_Moment(47).jpg,300,300,Dumpster,16,60,296,190
IMG_9500_Moment(48).jpg,300,300,Dumpster,5,56,291,196
IMG_9500_Moment(5).jpg,300,300,Dumpster,115,112,298,197
IMG_9500_Moment(6).jpg,300,300,Dumpster,104,119,291,205
IMG_9500_Moment(7).jpg,300,300,Dumpster,108,120,298,206
IMG_9500_Moment(8).jpg,300,300,Dumpster,105,116,295,198
IMG_9500_Moment(9).jpg,300,300,Dumpster,95,120,285,207
IMG_9500_Moment.jpg,300,300,Dumpster,108,117,275,191
IMG_9501_Moment(10).jpg,300,300,Dumpster,36,102,286,224
IMG_9501_Moment(11).jpg,300,300,Dumpster,43,100,293,222
IMG_9501_Moment(12).jpg,300,300,Dumpster,44,103,293,232
IMG_9501_Moment(13).jpg,300,300,Dumpster,57,105,297,229
IMG_9501_Moment(14).jpg,300,300,Dumpster,73,109,297,225
IMG_9501_Moment(15).jpg,300,300,Dumpster,68,104,288,231
IMG_9501_Moment(16).jpg,300,300,Dumpster,60,105,287,229
IMG_9501_Moment(17).jpg,300,300,Dumpster,64,107,281,223
IMG_9501_Moment(18).jpg,300,300,Dumpster,59,107,277,230
IMG_9501_Moment(19).jpg,300,300,Dumpster,71,109,286,228
IMG_9501_Moment(2).jpg,300,300,Dumpster,47,96,300,212
IMG_9501_Moment(20).jpg,300,300,Dumpster,66,111,288,228
IMG_9501_Moment(21).jpg,300,300,Dumpster,74,110,282,226
IMG_9501_Moment(22).jpg,300,300,Dumpster,72,109,278,226
IMG_9501_Moment(23).jpg,300,300,Dumpster,67,110,274,226
IMG_9501_Moment(24).jpg,300,300,Dumpster,64,125,275,241
IMG_9501_Moment(25).jpg,300,300,Dumpster,67,126,277,242
IMG_9501_Moment(26).jpg,300,300,Dumpster,47,113,248,219
IMG_9501_Moment(27).jpg,300,300,Dumpster,44,98,236,203
IMG_9501_Moment(28).jpg,300,300,Dumpster,68,102,260,211
IMG_9501_Moment(29).jpg,300,300,Dumpster,85,104,284,218
IMG_9501_Moment(3).jpg,300,300,Dumpster,52,98,300,213
IMG_9501_Moment(30).jpg,300,300,Dumpster,115,103,300,217
IMG_9501_Moment(31).jpg,300,300,Dumpster,104,104,300,220
IMG_9501_Moment(32).jpg,300,300,Dumpster,74,111,294,226
IMG_9501_Moment(33).jpg,300,300,Dumpster,53,118,284,236
IMG_9501_Moment(34).jpg,300,300,Dumpster,64,119,295,234
IMG_9501_Moment(35).jpg,300,300,Dumpster,68,112,299,228
IMG_9501_Moment(36).jpg,300,300,Dumpster,55,113,291,230
IMG_9501_Moment(37).jpg,300,300,Dumpster,40,113,268,231
IMG_9501_Moment(38).jpg,300,300,Dumpster,26,113,269,235
IMG_9501_Moment(39).jpg,300,300,Dumpster,34,115,287,239
IMG_9501_Moment(4).jpg,300,300,Dumpster,24,95,300,222
IMG_9501_Moment(40).jpg,300,300,Dumpster,46,112,299,240
IMG_9501_Moment(41).jpg,300,300,Dumpster,42,112,297,233
IMG_9501_Moment(42).jpg,300,300,Dumpster,30,110,290,235
IMG_9501_Moment(43).jpg,300,300,Dumpster,19,109,283,239
IMG_9501_Moment(44).jpg,300,300,Dumpster,20,110,295,241
IMG_9501_Moment(45).jpg,300,300,Dumpster,10,106,294,240
IMG_9501_Moment(46).jpg,300,300,Dumpster,15,107,300,242
IMG_9501_Moment(47).jpg,300,300,Dumpster,16,98,300,236
IMG_9501_Moment(48).jpg,300,300,Dumpster,1,96,288,246
IMG_9501_Moment(49).jpg,300,300,Dumpster,1,93,296,245
IMG_9501_Moment(5).jpg,300,300,Dumpster,23,88,290,213
IMG_9501_Moment(50).jpg,300,300,Dumpster,1,96,300,241
IMG_9501_Moment(51).jpg,300,300,Dumpster,1,94,300,241
IMG_9501_Moment(52).jpg,300,300,Dumpster,1,94,300,239
IMG_9501_Moment(53).jpg,300,300,Dumpster,1,94,295,239
IMG_9501_Moment(6).jpg,300,300,Dumpster,34,90,295,209
IMG_9501_Moment(7).jpg,300,300,Dumpster,35,92,298,205
IMG_9501_Moment(8).jpg,300,300,Dumpster,35,92,297,214
IMG_9501_Moment(9).jpg,300,300,Dumpster,36,99,292,221
IMG_9501_Moment.jpg,300,300,Dumpster,41,100,300,216
IMG_9502_Moment(10).jpg,300,300,Dumpster,97,132,171,228
IMG_9502_Moment(10).jpg,300,300,Person,222,127,267,261
IMG_9502_Moment(11).jpg,300,300,Person,215,127,254,255
IMG_9502_Moment(11).jpg,300,300,Dumpster,100,131,169,226
IMG_9502_Moment(12).jpg,300,300,Dumpster,102,132,173,231
IMG_9502_Moment(12).jpg,300,300,Person,210,126,243,253
IMG_9502_Moment(13).jpg,300,300,Person,200,125,241,243
IMG_9502_Moment(13).jpg,300,300,Dumpster,104,128,177,222
IMG_9502_Moment(14).jpg,300,300,Person,192,123,230,241
IMG_9502_Moment(14).jpg,300,300,Dumpster,106,128,160,219
IMG_9502_Moment(2).jpg,300,300,Dumpster,97,130,169,226
IMG_9502_Moment(2).jpg,300,300,Person,272,124,300,276
IMG_9502_Moment(3).jpg,300,300,Person,260,129,300,281
IMG_9502_Moment(3).jpg,300,300,Dumpster,97,127,167,225
IMG_9502_Moment(4).jpg,300,300,Dumpster,95,132,172,230
IMG_9502_Moment(4).jpg,300,300,Person,256,127,300,275
IMG_9502_Moment(5).jpg,300,300,Person,254,127,297,273
IMG_9502_Moment(5).jpg,300,300,Dumpster,96,133,169,226
IMG_9502_Moment(6).jpg,300,300,Dumpster,97,133,170,228
IMG_9502_Moment(6).jpg,300,300,Person,249,128,292,275
IMG_9502_Moment(7).jpg,300,300,Person,240,127,289,272
IMG_9502_Moment(7).jpg,300,300,Dumpster,96,132,171,230
IMG_9502_Moment(8).jpg,300,300,Dumpster,97,134,171,228
IMG_9502_Moment(8).jpg,300,300,Person,233,128,282,266
IMG_9502_Moment(9).jpg,300,300,Person,226,127,276,266
IMG_9502_Moment(9).jpg,300,300,Dumpster,97,129,168,227
IMG_9502_Moment.jpg,300,300,Dumpster,107,132,183,227
scene_extraced00001.jpg,300,300,Dumpster,59,78,237,167
scene_extraced00011.jpg,300,300,Dumpster,52,79,231,166
scene_extraced00021.jpg,300,300,Dumpster,50,77,230,167
scene_extraced00031.jpg,300,300,Dumpster,49,79,236,167
scene_extraced00041.jpg,300,300,Dumpster,56,79,240,170
scene_extraced00051.jpg,300,300,Dumpster,67,84,253,170
scene_extraced00061.jpg,300,300,Dumpster,72,86,255,170
scene_extraced00071.jpg,300,300,Dumpster,79,86,259,173
scene_extraced00081.jpg,300,300,Dumpster,101,89,284,176
scene_extraced00111.jpg,300,300,Dumpster,113,85,296,175
scene_extraced00121.jpg,300,300,Dumpster,111,88,296,179
scene_extraced00131.jpg,300,300,Dumpster,114,87,298,178
scene_extraced00141.jpg,300,300,Dumpster,108,89,292,177
scene_extraced00151.jpg,300,300,Dumpster,97,86,284,177
scene_extraced00161.jpg,300,300,Dumpster,93,84,278,179
scene_extraced00181.jpg,300,300,Dumpster,100,86,285,177
scene_extraced00191.jpg,300,300,Dumpster,106,86,283,177
scene_extraced00201.jpg,300,300,Dumpster,93,84,277,173
scene_extraced00211.jpg,300,300,Dumpster,90,87,276,174
scene_extraced00221.jpg,300,300,Dumpster,99,83,282,175
scene_extraced00231.jpg,300,300,Dumpster,101,87,288,177
scene_extraced00241.jpg,300,300,Dumpster,106,80,294,177
scene_extraced00251.jpg,300,300,Dumpster,106,80,294,175
scene_extraced00261.jpg,300,300,Dumpster,105,83,293,176
scene_extraced00271.jpg,300,300,Dumpster,104,82,290,176
scene_extraced00281.jpg,300,300,Dumpster,108,82,299,177
scene_extraced00291.jpg,300,300,Dumpster,115,80,300,177
scene_extraced00301.jpg,300,300,Dumpster,118,80,300,178
scene_extraced00311.jpg,300,300,Dumpster,105,77,298,176
scene_extraced00321.jpg,300,300,Dumpster,86,77,280,176
scene_extraced00331.jpg,300,300,Dumpster,63,76,266,177
scene_extraced00341.jpg,300,300,Dumpster,53,78,253,178
scene_extraced00351.jpg,300,300,Dumpster,51,73,249,175
scene_extraced00361.jpg,300,300,Dumpster,46,75,248,175
scene_extraced00371.jpg,300,300,Dumpster,46,77,244,173
scene_extraced00381.jpg,300,300,Dumpster,48,76,250,174
scene_extraced00391.jpg,300,300,Dumpster,53,76,254,174
scene_extraced00401.jpg,300,300,Dumpster,54,72,259,177
scene_extraced00411.jpg,300,300,Dumpster,55,72,265,181
scene_extraced00421.jpg,300,300,Dumpster,59,75,270,180
scene_extraced00431.jpg,300,300,Dumpster,69,70,280,180
scene_extraced00441.jpg,300,300,Dumpster,70,71,285,182
scene_extraced00451.jpg,300,300,Dumpster,71,74,287,179
scene_extraced00461.jpg,300,300,Dumpster,74,71,288,180
scene_extraced00471.jpg,300,300,Dumpster,71,71,283,183
scene_extraced00481.jpg,300,300,Dumpster,72,70,282,181
scene_extraced00491.jpg,300,300,Dumpster,64,70,278,182
scene_extraced00501.jpg,300,300,Dumpster,55,70,272,187
scene_extraced00511.jpg,300,300,Dumpster,54,71,272,190
scene_extraced00521.jpg,300,300,Dumpster,50,65,272,188
scene_extraced00531.jpg,300,300,Dumpster,58,69,288,186
scene_extraced00531.jpg,300,300,Person,1,77,24,106
scene_extraced00541.jpg,300,300,Person,2,78,38,104
scene_extraced00541.jpg,300,300,Dumpster,72,63,291,184
scene_extraced00551.jpg,300,300,Person,1,80,34,105
scene_extraced00551.jpg,300,300,Dumpster,66,66,286,185
scene_extraced00561.jpg,300,300,Dumpster,50,66,279,189
scene_extraced00561.jpg,300,300,Person,1,75,23,105
scene_extraced00571.jpg,300,300,Person,1,76,18,103
scene_extraced00571.jpg,300,300,Dumpster,46,66,275,191
scene_extraced00711.jpg,300,300,Dumpster,50,61,279,202
scene_extraced00721.jpg,300,300,Person,1,67,24,91
scene_extraced00721.jpg,300,300,Dumpster,56,60,282,201
scene_extraced00731.jpg,300,300,Person,1,65,30,91
scene_extraced00731.jpg,300,300,Dumpster,55,59,279,203
scene_extraced00741.jpg,300,300,Person,1,67,31,92
scene_extraced00741.jpg,300,300,Dumpster,42,61,264,211
scene_extraced00751.jpg,300,300,Person,20,66,50,92
scene_extraced00751.jpg,300,300,Dumpster,51,64,269,209
scene_extraced00761.jpg,300,300,Dumpster,75,60,294,209
scene_extraced00761.jpg,300,300,Person,48,66,77,92
scene_extraced00771.jpg,300,300,Person,57,67,89,93
scene_extraced00771.jpg,300,300,Dumpster,82,58,300,208
scene_extraced00781.jpg,300,300,Dumpster,84,57,300,209
scene_extraced00781.jpg,300,300,Person,63,67,93,91
scene_extraced00791.jpg,300,300,Dumpster,90,59,298,208
scene_extraced00791.jpg,300,300,Person,68,67,95,93
scene_extraced00801.jpg,300,300,Person,69,69,98,93
scene_extraced00801.jpg,300,300,Dumpster,92,59,299,210
scene_extraced00811.jpg,300,300,Person,68,69,100,93
scene_extraced00811.jpg,300,300,Dumpster,92,63,294,209
scene_extraced00821.jpg,300,300,Dumpster,91,65,300,210
scene_extraced00821.jpg,300,300,Person,69,68,98,94
scene_extraced00831.jpg,300,300,Person,68,70,97,94
scene_extraced00831.jpg,300,300,Dumpster,90,58,297,214
scene_extraced00841.jpg,300,300,Person,67,69,99,94
scene_extraced00841.jpg,300,300,Dumpster,92,59,300,209
scene_extraced00851.jpg,300,300,Dumpster,85,57,293,206
scene_extraced00851.jpg,300,300,Person,65,70,95,94
scene_extraced00861.jpg,300,300,Person,63,70,93,93
scene_extraced00861.jpg,300,300,Dumpster,82,60,283,208
scene_extraced00871.jpg,300,300,Person,59,69,89,92
scene_extraced00871.jpg,300,300,Dumpster,69,55,278,208
scene_extraced00881.jpg,300,300,Person,60,68,92,92
scene_extraced00881.jpg,300,300,Dumpster,44,94,265,214
scene_extraced00891.jpg,300,300,Person,89,68,119,89
scene_extraced00891.jpg,300,300,Dumpster,57,90,272,210
scene_extraced00901.jpg,300,300,Dumpster,59,91,269,206
scene_extraced00901.jpg,300,300,Person,111,67,141,88
scene_extraced00911.jpg,300,300,Dumpster,59,92,273,204
scene_extraced00911.jpg,300,300,Person,130,64,160,87
scene_extraced00921.jpg,300,300,Person,135,66,164,84
scene_extraced00921.jpg,300,300,Dumpster,48,86,265,208
scene_extraced00931.jpg,300,300,Dumpster,49,89,258,211
scene_extraced00931.jpg,300,300,Person,140,65,169,86
scene_extraced00941.jpg,300,300,Dumpster,39,85,253,212
scene_extraced00941.jpg,300,300,Person,152,65,180,83
scene_extraced00951.jpg,300,300,Dumpster,59,82,265,213
scene_extraced00951.jpg,300,300,Person,173,64,202,84
scene_extraced00961.jpg,300,300,Dumpster,71,81,282,217
scene_extraced00961.jpg,300,300,Person,202,63,232,81
scene_extraced00971.jpg,300,300,Dumpster,66,72,286,215
scene_extraced00971.jpg,300,300,Person,216,62,238,74
scene_extraced00981.jpg,300,300,Dumpster,54,71,283,223
scene_extraced00981.jpg,300,300,Person,222,61,241,72
scene_extraced00991.jpg,300,300,Dumpster,41,68,291,227
scene_extraced00991.jpg,300,300,Person,225,61,241,70
scene_extraced01001.jpg,300,300,Dumpster,34,55,300,231
scene_extraced01011.jpg,300,300,Dumpster,30,56,297,238
scene_extraced01021.jpg,300,300,Dumpster,17,51,300,242
scene_extraced01031.jpg,300,300,Dumpster,1,45,300,250
scene_extraced01041.jpg,300,300,Dumpster,9,67,300,264
scene_extraced01051.jpg,300,300,Dumpster,1,72,300,287
scene_extraced01161.jpg,300,300,Dumpster,44,57,299,198
scene_extraced01171.jpg,300,300,Dumpster,37,58,300,199
scene_extraced01181.jpg,300,300,Dumpster,32,59,291,201
scene_extraced01191.jpg,300,300,Dumpster,22,61,281,199
scene_extraced01281.jpg,300,300,Dumpster,25,69,264,191
scene_extraced01291.jpg,300,300,Dumpster,39,69,274,187
scene_extraced01301.jpg,300,300,Dumpster,48,70,282,191
scene_extraced01311.jpg,300,300,Dumpster,56,72,282,184
scene_extraced01321.jpg,300,300,Dumpster,58,74,286,187
scene_extraced01331.jpg,300,300,Dumpster,54,74,285,188
scene_extraced01341.jpg,300,300,Dumpster,60,74,283,188
scene_extraced01351.jpg,300,300,Dumpster,76,75,300,187
scene_extraced01361.jpg,300,300,Dumpster,93,74,300,184
scene_extraced01371.jpg,300,300,Dumpster,94,74,300,180
scene_extraced01381.jpg,300,300,Dumpster,88,72,300,182
scene_extraced01391.jpg,300,300,Dumpster,82,75,300,186
scene_extraced01401.jpg,300,300,Dumpster,75,71,300,183
scene_extraced01411.jpg,300,300,Dumpster,75,76,288,181
scene_extraced01421.jpg,300,300,Dumpster,80,76,296,181
scene_extraced01431.jpg,300,300,Dumpster,85,77,298,181
scene_extraced01441.jpg,300,300,Dumpster,89,78,300,183
scene_extraced01451.jpg,300,300,Dumpster,89,77,300,182
scene_extraced01461.jpg,300,300,Dumpster,83,77,294,180
scene_extraced01471.jpg,300,300,Dumpster,72,77,287,180
scene_extraced01481.jpg,300,300,Dumpster,71,76,292,177
scene_extraced01491.jpg,300,300,Dumpster,81,76,296,179
scene_extraced01501.jpg,300,300,Dumpster,109,76,300,180
scene_extraced01501.jpg,300,300,Person,25,73,50,98
scene_extraced01501.jpg,300,300,Person,1,69,16,92
scene_extraced01511.jpg,300,300,Dumpster,108,76,300,176
scene_extraced01511.jpg,300,300,Person,31,73,57,98
scene_extraced01511.jpg,300,300,Person,2,71,24,91
scene_extraced01521.jpg,300,300,Dumpster,102,76,300,177
scene_extraced01521.jpg,300,300,Person,31,73,57,98
scene_extraced01521.jpg,300,300,Person,1,70,21,91
scene_extraced01531.jpg,300,300,Dumpster,93,76,298,175
scene_extraced01531.jpg,300,300,Person,30,73,54,97
scene_extraced01531.jpg,300,300,Person,1,70,22,92
scene_extraced01541.jpg,300,300,Dumpster,80,76,284,176
scene_extraced01541.jpg,300,300,Person,32,73,56,97
scene_extraced01541.jpg,300,300,Person,1,70,23,92
scene_extraced01551.jpg,300,300,Dumpster,84,76,283,175
scene_extraced01551.jpg,300,300,Person,15,69,40,93
scene_extraced01551.jpg,300,300,Person,47,72,72,96
scene_extraced01561.jpg,300,300,Dumpster,93,78,286,174
scene_extraced01561.jpg,300,300,Person,60,73,83,97
scene_extraced01561.jpg,300,300,Person,26,69,55,93
scene_extraced01571.jpg,300,300,Dumpster,99,78,290,175
scene_extraced01581.jpg,300,300,Dumpster,98,78,290,176
scene_extraced01591.jpg,300,300,Dumpster,94,77,286,175
scene_extraced01601.jpg,300,300,Dumpster,93,79,287,177
scene_extraced01611.jpg,300,300,Dumpster,108,77,300,178
scene_extraced01621.jpg,300,300,Dumpster,115,79,300,176
scene_extraced01631.jpg,300,300,Dumpster,108,77,300,174
scene_extraced01641.jpg,300,300,Dumpster,93,79,285,176
scene_extraced01651.jpg,300,300,Dumpster,80,80,274,176
scene_extraced01661.jpg,300,300,Dumpster,72,80,265,175
scene_extraced01671.jpg,300,300,Dumpster,63,81,256,176
scene_extraced01681.jpg,300,300,Dumpster,51,81,248,180
scene_extraced01691.jpg,300,300,Dumpster,46,81,240,179
scene_extraced01701.jpg,300,300,Dumpster,47,83,242,178
scene_extraced01711.jpg,300,300,Dumpster,50,83,243,179
scene_extraced01721.jpg,300,300,Dumpster,51,82,244,177
scene_extraced01731.jpg,300,300,Dumpster,48,85,242,180
scene_extraced01741.jpg,300,300,Dumpster,39,84,238,179
scene_extraced01751.jpg,300,300,Dumpster,38,84,238,181
scene_extraced01761.jpg,300,300,Dumpster,36,84,237,179
scene_extraced01771.jpg,300,300,Dumpster,44,84,244,179
scene_extraced01781.jpg,300,300,Dumpster,55,83,256,181
scene_extraced01791.jpg,300,300,Dumpster,64,81,262,178
scene_extraced01801.jpg,300,300,Dumpster,61,82,264,182
scene_extraced01811.jpg,300,300,Dumpster,64,81,266,180
scene_extraced01821.jpg,300,300,Dumpster,76,94,274,178
scene_extraced01831.jpg,300,300,Dumpster,80,90,284,179
scene_extraced01841.jpg,300,300,Dumpster,89,83,291,182
scene_extraced01851.jpg,300,300,Dumpster,87,81,289,181
scene_extraced01861.jpg,300,300,Dumpster,90,82,295,180
scene_extraced01871.jpg,300,300,Dumpster,89,82,293,181
scene_extraced01871.jpg,300,300,Person,225,69,247,86
scene_extraced01881.jpg,300,300,Dumpster,88,80,292,180
scene_extraced01881.jpg,300,300,Person,234,69,259,89
scene_extraced01891.jpg,300,300,Person,248,66,271,90
scene_extraced01891.jpg,300,300,Dumpster,96,87,298,183
scene_extraced01901.jpg,300,300,Person,261,64,287,90
scene_extraced01901.jpg,300,300,Person,230,63,253,83
scene_extraced01901.jpg,300,300,Dumpster,102,87,300,183
scene_extraced01901.jpg,300,300,Dumpster,49,83,106,125
scene_extraced01911.jpg,300,300,Dumpster,57,85,109,126
scene_extraced01911.jpg,300,300,Dumpster,106,88,300,178
scene_extraced01911.jpg,300,300,Person,266,65,294,90
scene_extraced01911.jpg,300,300,Person,238,62,261,82
scene_extraced01921.jpg,300,300,Dumpster,102,88,300,182
scene_extraced01921.jpg,300,300,Person,274,64,298,92
scene_extraced01921.jpg,300,300,Person,244,63,269,87
scene_extraced01921.jpg,300,300,Dumpster,61,83,110,127
scene_extraced01931.jpg,300,300,Dumpster,98,87,295,182
scene_extraced01931.jpg,300,300,Dumpster,62,83,110,125
scene_extraced01931.jpg,300,300,Person,249,61,274,88
scene_extraced01931.jpg,300,300,Person,279,63,300,90
scene_extraced01941.jpg,300,300,Dumpster,103,79,300,183
scene_extraced01941.jpg,300,300,Person,264,61,288,89
scene_extraced01951.jpg,300,300,Dumpster,115,81,300,182
scene_extraced01951.jpg,300,300,Person,277,59,300,91
scene_extraced01961.jpg,300,300,Dumpster,123,79,300,184
scene_extraced01971.jpg,300,300,Dumpster,126,77,300,184
scene_extraced01981.jpg,300,300,Dumpster,110,77,300,181
scene_extraced01991.jpg,300,300,Dumpster,91,79,284,185
scene_extraced02001.jpg,300,300,Dumpster,82,80,271,182
scene_extraced02011.jpg,300,300,Dumpster,70,79,256,183
scene_extraced02021.jpg,300,300,Person,269,60,292,86
scene_extraced02021.jpg,300,300,Dumpster,68,82,241,182
scene_extraced02031.jpg,300,300,Person,268,59,290,86
scene_extraced02031.jpg,300,300,Dumpster,58,77,235,186
scene_extraced02041.jpg,300,300,Person,277,59,299,83
scene_extraced02041.jpg,300,300,Dumpster,58,79,234,185
scene_extraced02051.jpg,300,300,Dumpster,56,77,199,187
scene_extraced02061.jpg,300,300,Dumpster,55,80,203,184
scene_extraced02071.jpg,300,300,Dumpster,63,90,213,182
scene_extraced02081.jpg,300,300,Dumpster,74,77,221,179
scene_extraced02091.jpg,300,300,Dumpster,84,81,238,178
scene_extraced02101.jpg,300,300,Dumpster,91,74,247,178
scene_extraced02111.jpg,300,300,Dumpster,94,80,252,180
scene_extraced02121.jpg,300,300,Dumpster,90,78,253,181
scene_extraced02131.jpg,300,300,Dumpster,84,73,257,179
scene_extraced02141.jpg,300,300,Dumpster,84,74,256,183
scene_extraced02151.jpg,300,300,Dumpster,82,74,253,183
scene_extraced02161.jpg,300,300,Dumpster,86,74,257,185
scene_extraced02171.jpg,300,300,Dumpster,83,75,253,182
scene_extraced02181.jpg,300,300,Dumpster,69,76,240,192
scene_extraced02191.jpg,300,300,Dumpster,53,78,231,191
scene_extraced02201.jpg,300,300,Dumpster,45,77,227,190
scene_extraced02211.jpg,300,300,Dumpster,40,77,217,187
scene_extraced02221.jpg,300,300,Dumpster,46,80,216,185
scene_extraced02231.jpg,300,300,Dumpster,46,80,212,181
scene_extraced02241.jpg,300,300,Dumpster,44,79,210,188
scene_extraced02251.jpg,300,300,Dumpster,41,81,212,185
scene_extraced02261.jpg,300,300,Dumpster,44,80,216,184
scene_extraced02271.jpg,300,300,Dumpster,49,84,224,185
scene_extraced02281.jpg,300,300,Dumpster,64,85,236,179
